"Sr No","Date","Particulars","Cheque/Reference No","Debit","Credit","Balance","Channel","Page Number","Minus"
"1","08/05/2026","NEFT UTIBN62026050829602506 GOOGLE INDIA DIGITAL S UTIB0000553","","-","1,000.00","-1,69,94,008.37","9008-NEFT/ RTGS CELL","1","1"
"2","08/05/2026","NEFT UTIBN62026050829643954 GOOGLE INDIA DIGITAL S UTIB0000553","","-","1,600.00","-1,69,92,408.37","9008-NEFT/ RTGS CELL","1","1"
"3","08/05/2026","NEFT BARBN52026050822936597 CASCON ENGINEERS PRIVA BARB0MORNAX","","-","99,300.00","-1,68,93,108.37","9008-NEFT/ RTGS CELL","1","1"
"4","08/05/2026","IMPS/48/612816827245/**/Yuvraj Agency/Cementpaymen","612816827245","1,00,000.00","-","-1,69,93,108.37","IMPS","1","1"
"5","08/05/2026","IMPS CHG","","5.00","-","-1,69,93,113.37","IMPS","1","1"
"6","08/05/2026","GST","","0.90","-","-1,69,93,114.27","IMPS","1","1"
"7","09/05/2026","NEFT UTIBN62026050941939170 GOOGLE INDIA DIGITAL S UTIB0000553","","-","1,050.00","-1,69,92,064.27","9008-NEFT/ RTGS CELL","1","1"
"8","09/05/2026","NEFT UTIBN62026050941941796 GOOGLE INDIA DIGITAL S UTIB0000553","","-","5,250.00","-1,69,86,814.27","9008-NEFT/ RTGS CELL","1","1"
"9","09/05/2026","NEFT UTIBN62026050942447440 GOOGLE INDIA DIGITAL S UTIB0000553","","-","350.00","-1,69,86,464.27","9008-NEFT/ RTGS CELL","1","1"
"10","09/05/2026","NEFT KKBKN62026050902611015 SWIFT PROCURE SOLUTION KKBK0000958","","-","95,625.00","-1,68,90,839.27","9008-NEFT/ RTGS CELL","1","1"
"11","09/05/2026","NEFT UTIBN62026050942929542 GOOGLE INDIA DIGITAL S UTIB0000553","","-","580.00","-1,68,90,259.27","9008-NEFT/ RTGS CELL","1","1"
"12","09/05/2026","IMPS/48/612915063230/**1223 /TARA RAM/NA","612915063230","-","70,000.00","-1,68,20,259.27","IMPS","1","1"
"13","09/05/2026","NEFT UTIBN62026050943548442 GOOGLE INDIA DIGITAL S UTIB0000553","","-","24,412.95","-1,67,95,846.32","9008-NEFT/ RTGS CELL","1","1"
"14","09/05/2026","RTGS MAHBR52026050923866539 Goa ispat private limi PUNB0016410","","2,00,000.00","-","-1,69,95,846.32","Mobile Banking","1","1"
"15","09/05/2026","RTGS CHARGES","","5.00","-","-1,69,95,851.32","Mobile Banking","1","1"
"16","09/05/2026","GST","","0.90","-","-1,69,95,852.22","Mobile Banking","1","1"
"17","10/05/2026","NEFT UTIBN62026051053891851 GOOGLE INDIA DIGITAL S UTIB0000553","","-","900.00","-1,69,94,952.22","9008-NEFT/ RTGS CELL","1","1"
"18","11/05/2026","NEFT UTIBN62026051162854848 GOOGLE INDIA DIGITAL S UTIB0000553","","-","180.00","-1,69,94,772.22","9008-NEFT/ RTGS CELL","1","1"
"19","11/05/2026","NEFT UTIBN62026051162860242 GOOGLE INDIA DIGITAL S UTIB0000553","","-","40.00","-1,69,94,732.22","9008-NEFT/ RTGS CELL","1","1"
"20","11/05/2026","NEFT UTIBN62026051163019068 GOOGLE INDIA DIGITAL S UTIB0000553","","-","1,200.00","-1,69,93,532.22","9008-NEFT/ RTGS CELL","1","1"
"21","11/05/2026","NEFT UTIBN62026051163913007 GOOGLE INDIA DIGITAL S UTIB0000553","","-","600.00","-1,69,92,932.22","9008-NEFT/ RTGS CELL","2","1"
"22","11/05/2026","NEFT UTIBN62026051166138779 GOOGLE INDIA DIGITAL S UTIB0000553","","-","16,698.46","-1,69,76,233.76","9008-NEFT/ RTGS CELL","2","1"
"23","12/05/2026","NEFT UTIBN62026051275688827 GOOGLE INDIA DIGITAL S UTIB0000553","","-","650.00","-1,69,75,583.76","9008-NEFT/ RTGS CELL","2","1"
"24","12/05/2026","NEFT UTIBN62026051275882509 GOOGLE INDIA DIGITAL S UTIB0000553","","-","1,450.00","-1,69,74,133.76","9008-NEFT/ RTGS CELL","2","1"
"25","12/05/2026","IMPS/48/613215958547/**2457 /KAPOOR LUXURY HOMES/SH","613215958547","-","1,00,000.00","-1,68,74,133.76","IMPS","2","1"
"26","12/05/2026","IMPS/48/613217473572/**0630 /JAIKUMAR NANIKRAM ROHR","613217473572","-","19,305.00","-1,68,54,828.76","IMPS","2","1"
"27","13/05/2026","NEFT UTIBN62026051387434740 GOOGLE INDIA DIGITAL S UTIB0000553","","-","500.00","-1,68,54,328.76","9008-NEFT/ RTGS CELL","2","1"
"28","13/05/2026","NEFT UTIBN62026051387586448 GOOGLE INDIA DIGITAL S UTIB0000553","","-","180.00","-1,68,54,148.76","9008-NEFT/ RTGS CELL","2","1"
"29","13/05/2026","NEFT UTIBN62026051388080104 GOOGLE INDIA DIGITAL S UTIB0000553","","-","410.00","-1,68,53,738.76","9008-NEFT/ RTGS CELL","2","1"
"30","13/05/2026","IMPS/48/613315137415/**/Yuvraj Agency/Cementpaymen","613315137415","1,00,000.00","-","-1,69,53,738.76","IMPS","2","1"
"31","13/05/2026","IMPS CHG","","5.00","-","-1,69,53,743.76","IMPS","2","1"
"32","13/05/2026","GST","","0.90","-","-1,69,53,744.66","IMPS","2","1"
"33","13/05/2026","NEFT UTIBN62026051391079164 DALMIA CEMENT (BHARAT) UTIB0001183","","-","15,435.00","-1,69,38,309.66","9008-NEFT/ RTGS CELL","2","1"
"34","14/05/2026","IMPS/48/613410111647/**2457 /KAPOOR LUXURY HOMES/SH","613410111647","-","1,00,000.00","-1,68,38,309.66","IMPS","2","1"
"35","14/05/2026","NEFT UTIBN62026051400053549 GOOGLE INDIA DIGITAL S UTIB0000553","","-","80.00","-1,68,38,229.66","9008-NEFT/ RTGS CELL","2","1"
"36","14/05/2026","NEFT UTIBN62026051400096739 GOOGLE INDIA DIGITAL S UTIB0000553","","-","1,050.00","-1,68,37,179.66","9008-NEFT/ RTGS CELL","2","1"
"37","14/05/2026","IMPS/48/613411259821/**2457 /KAPOOR LUXURY HOMES/SH","613411259821","-","50,000.00","-1,67,87,179.66","IMPS","2","1"
"38","14/05/2026","RTGS MAHBR52026051423913647 VEE SQUARES CONSTRUCTI SIDC0001053","","2,00,000.00","-","-1,69,87,179.66","Mobile Banking","2","1"
"39","14/05/2026","RTGS CHARGES","","5.00","-","-1,69,87,184.66","Mobile Banking","2","1"
"40","14/05/2026","GST","","0.90","-","-1,69,87,185.56","Mobile Banking","2","1"
"41","14/05/2026","NEFT UTIBN62026051401567467 GOOGLE INDIA DIGITAL S UTIB0000553","","-","560.00","-1,69,86,625.56","9008-NEFT/ RTGS CELL","2","1"
"42","14/05/2026","RTGS UBINR22026051401613807 EMPIRE REALINFRA UBIN0537748","","-","25,00,000.00","-1,44,86,625.56","9008-NEFT/ RTGS CELL","2","1"
"43","14/05/2026","RTGS MAHBR52026051423915479 Goa ispat private limi PUNB0016410","","5,00,000.00","-","-1,49,86,625.56","Mobile Banking","2","1"
"44","14/05/2026","RTGS CHARGES","","5.00","-","-1,49,86,630.56","Mobile Banking","2","1"
"45","14/05/2026","GST","","0.90","-","-1,49,86,631.46","Mobile Banking","2","1"
"46","14/05/2026","RTGS MAHBR52026051423915647 Aaradhya sheet private PUNB0945900","","5,00,000.00","-","-1,54,86,631.46","Internet Banking","2","1"
"47","14/05/2026","RTGS CHARGES","","5.00","-","-1,54,86,636.46","Internet Banking","2","1"
"48","14/05/2026","GST","","0.90","-","-1,54,86,637.36","Internet Banking","2","1"
"49","14/05/2026","RTGS MAHBR52026051423915902 Mahadev steel oros SIDC0001046","","5,00,000.00","-","-1,59,86,637.36","Internet Banking","2","1"
"50","14/05/2026","RTGS CHARGES","","5.00","-","-1,59,86,642.36","Internet Banking","2","1"
"51","14/05/2026","GST","","0.90","-","-1,59,86,643.26","Internet Banking","2","1"
"52","14/05/2026","NEFT UTIBN62026051401907583 GOOGLE INDIA DIGITAL S UTIB0000553","","-","80.00","-1,59,86,563.26","9008-NEFT/ RTGS CELL","2","1"
"53","14/05/2026","NEFT MAHBN72026051452519398 VEE SQUARES CONSTRUCTI SIDC0001053","","1,00,000.00","-","-1,60,86,563.26","Mobile Banking","2","1"
"54","15/05/2026","NEFT UTIBN62026051511523265 GOOGLE INDIA DIGITAL S UTIB0000553","","-","10.00","-1,60,86,553.26","9008-NEFT/ RTGS CELL","2","1"
"55","15/05/2026","RTGS MAHBR52026051523918184 LaxmiSteelyard ICIC0004853","","5,00,000.00","-","-1,65,86,553.26","Mobile Banking","2","1"
"56","15/05/2026","RTGS CHARGES","","5.00","-","-1,65,86,558.26","Mobile Banking","2","1"
"57","15/05/2026","GST","","0.90","-","-1,65,86,559.16","Mobile Banking","2","1"
"58","15/05/2026","NEFT UTIBN62026051511725326 GOOGLE INDIA DIGITAL S UTIB0000553","","-","1,400.00","-1,65,85,159.16","9008-NEFT/ RTGS CELL","2","1"
"59","15/05/2026","IMPS/48/613512258936/**/Aaradhya sheet private lim","613512258936","47,453.00","-","-1,66,32,612.16","IMPS","2","1"
"60","15/05/2026","IMPS CHG","","5.00","-","-1,66,32,617.16","IMPS","2","1"
"61","15/05/2026","GST","","0.90","-","-1,66,32,618.06","IMPS","2","1"
"62","15/05/2026","ONLINE Jkm 11000363975819 TO 60113117404 TRANSFER TO 60113117404 TO ONLINE PAYMENTS ATOM TECHNOLOGIES","","1,960.00","-","-1,66,34,578.06","Internet Banking","3","1"
"63","16/05/2026","NEFT UTIBN62026051623733508 GOOGLE INDIA DIGITAL S UTIB0000553","","-","150.00","-1,66,34,428.06","9008-NEFT/ RTGS CELL","3","1"
"64","16/05/2026","NEFT UTIBN62026051623740356 GOOGLE INDIA DIGITAL S UTIB0000553","","-","200.00","-1,66,34,228.06","9008-NEFT/ RTGS CELL","3","1"
"65","16/05/2026","NEFT UBINN52026051644163894 P K PARAB INFRA LLP UBIN0537772","","-","62,000.00","-1,65,72,228.06","9008-NEFT/ RTGS CELL","3","1"
"66","16/05/2026","NEFT UTIBN62026051625610417 GOOGLE INDIA DIGITAL S UTIB0000553","","-","4,500.00","-1,65,67,728.06","9008-NEFT/ RTGS CELL","3","1"
"67","16/05/2026","NEFT UTIBN62026051626180242 GOOGLE INDIA DIGITAL S UTIB0000553","","-","350.00","-1,65,67,378.06","9008-NEFT/ RTGS CELL","3","1"
"68","16/05/2026","NEFT UTIBN62026051626529423 GOOGLE INDIA DIGITAL S UTIB0000553","","-","2,350.00","-1,65,65,028.06","9008-NEFT/ RTGS CELL","3","1"
"69","16/05/2026","NEFT UTIBN62026051626787723 GOOGLE INDIA DIGITAL S UTIB0000553","","-","800.00","-1,65,64,228.06","9008-NEFT/ RTGS CELL","3","1"
"70","16/05/2026","NEFT UTIBN62026051626858307 GOOGLE INDIA DIGITAL S UTIB0000553","","-","160.00","-1,65,64,068.06","9008-NEFT/ RTGS CELL","3","1"
"71","17/05/2026","NEFT UTIBN62026051735614721 GOOGLE INDIA DIGITAL S UTIB0000553","","-","1,260.00","-1,65,62,808.06","9008-NEFT/ RTGS CELL","3","1"
"72","17/05/2026","NEFT UTIBN62026051735761665 GOOGLE INDIA DIGITAL S UTIB0000553","","-","150.00","-1,65,62,658.06","9008-NEFT/ RTGS CELL","3","1"
"73","17/05/2026","TO 60081278974 TRANSFER TO 60081278974 TO KAMLESH TRADERS","","1,00,000.00","-","-1,66,62,658.06","Mobile Banking","3","1"
"74","17/05/2026","NEFT UTIBN62026051737318963 GOOGLE INDIA DIGITAL S UTIB0000553","","-","560.00","-1,66,62,098.06","9008-NEFT/ RTGS CELL","3","1"
"75","17/05/2026","NEFT UTIBN62026051737324098 GOOGLE INDIA DIGITAL S UTIB0000553","","-","500.00","-1,66,61,598.06","9008-NEFT/ RTGS CELL","3","1"
"76","17/05/2026","NEFT UTIBN62026051737382509 GOOGLE INDIA DIGITAL S UTIB0000553","","-","2,900.00","-1,66,58,698.06","9008-NEFT/ RTGS CELL","3","1"
"77","18/05/2026","NEFT UTIBN62026051845604551 GOOGLE INDIA DIGITAL S UTIB0000553","","-","280.00","-1,66,58,418.06","9008-NEFT/ RTGS CELL","3","1"
"78","18/05/2026","NEFT UTIBN62026051846059191 GOOGLE INDIA DIGITAL S UTIB0000553","","-","1,000.00","-1,66,57,418.06","9008-NEFT/ RTGS CELL","3","1"
"79","18/05/2026","NEFT UTIBN62026051846310785 GOOGLE INDIA DIGITAL S UTIB0000553","","-","1,875.00","-1,66,55,543.06","9008-NEFT/ RTGS CELL","3","1"
"80","18/05/2026","NEFT UTIBN62026051846440683 GOOGLE INDIA DIGITAL S UTIB0000553","","-","250.00","-1,66,55,293.06","9008-NEFT/ RTGS CELL","3","1"
"81","18/05/2026","NEFT UTIBN62026051847360200 GOOGLE INDIA DIGITAL S UTIB0000553","","-","330.00","-1,66,54,963.06","9008-NEFT/ RTGS CELL","3","1"
"82","18/05/2026","NEFT UTIBN62026051847381514 GOOGLE INDIA DIGITAL S UTIB0000553","","-","80.00","-1,66,54,883.06","9008-NEFT/ RTGS CELL","3","1"
"83","18/05/2026","IMPS/48/613817463935/**/PURA RAM MALI/Jkm","613817463935","20,000.00","-","-1,66,74,883.06","IMPS","3","1"
"84","18/05/2026","IMPS CHG","","5.00","-","-1,66,74,888.06","IMPS","3","1"
"85","18/05/2026","GST","","0.90","-","-1,66,74,888.96","IMPS","3","1"
"86","18/05/2026","NEFT UTIBN62026051848740087 GOOGLE INDIA DIGITAL S UTIB0000553","","-","1,950.00","-1,66,72,938.96","9008-NEFT/ RTGS CELL","3","1"
"87","19/05/2026","NEFT UTIBN62026051957665945 GOOGLE INDIA DIGITAL S UTIB0000553","","-","1,300.00","-1,66,71,638.96","9008-NEFT/ RTGS CELL","3","1"
"88","19/05/2026","NEFT UTIBN62026051958088831 GOOGLE INDIA DIGITAL S UTIB0000553","","-","420.00","-1,66,71,218.96","9008-NEFT/ RTGS CELL","3","1"
"89","19/05/2026","NEFT BARBN52026051925435116 CASCON ENGINEERS PRIVA BARB0MORNAX","","-","22,175.00","-1,66,49,043.96","9008-NEFT/ RTGS CELL","3","1"
"90","19/05/2026","NEFT UTIBN62026051959300759 GOOGLE INDIA DIGITAL S UTIB0000553","","-","480.00","-1,66,48,563.96","9008-NEFT/ RTGS CELL","3","1"
"91","19/05/2026","NEFT UTIBN62026051959322086 GOOGLE INDIA DIGITAL S UTIB0000553","","-","330.00","-1,66,48,233.96","9008-NEFT/ RTGS CELL","3","1"
"92","19/05/2026","IMPS/48/613914214623/**2457 /KAPOOR LUXURY HOMES/SH","613914214623","-","3,200.00","-1,66,45,033.96","IMPS","3","1"
"93","19/05/2026","NEFT UTIBN62026051960162849 GOOGLE INDIA DIGITAL S UTIB0000553","","-","2,300.00","-1,66,42,733.96","9008-NEFT/ RTGS CELL","3","1"
"94","19/05/2026","NEFT UTIBN62026051960253054 GOOGLE INDIA DIGITAL S UTIB0000553","","-","3,180.00","-1,66,39,553.96","9008-NEFT/ RTGS CELL","4","1"
"95","20/05/2026","NEFT UTIBN62026052070220837 GOOGLE INDIA DIGITAL S UTIB0000553","","-","3,000.00","-1,66,36,553.96","9008-NEFT/ RTGS CELL","4","1"
"96","20/05/2026","NEFT UTIBN62026052070339054 GOOGLE INDIA DIGITAL S UTIB0000553","","-","570.00","-1,66,35,983.96","9008-NEFT/ RTGS CELL","4","1"
"97","20/05/2026","IMPS/48/614014283329/**1223 /TARA RAM/NA","614014283329","-","1,00,000.00","-1,65,35,983.96","IMPS","4","1"
"98","20/05/2026","RTGS MAHBR52026052023971737 Radhe Krishna steels PUNB0035710","","4,00,000.00","-","-1,69,35,983.96","Mobile Banking","4","1"
"99","20/05/2026","RTGS CHARGES","","5.00","-","-1,69,35,988.96","Mobile Banking","4","1"
"100","20/05/2026","GST","","0.90","-","-1,69,35,989.86","Mobile Banking","4","1"
"101","20/05/2026","NEFT MAHBN72026052053068260 Yuvraj Agency SRCB0000226","","60,000.00","-","-1,69,95,989.86","Mobile Banking","4","1"
"102","20/05/2026","CHQ DT 20/05/2026 BCB- 416013571","267212","-","29,100.00","-1,69,66,889.86","1001-MUMBAI SERVICE BRANCH","4","1"
"103","21/05/2026","NEFT UTIBN62026052182064615 GOOGLE INDIA DIGITAL S UTIB0000553","","-","400.00","-1,69,66,489.86","9008-NEFT/ RTGS CELL","4","1"
"104","21/05/2026","NEFT UTIBN62026052182129864 GOOGLE INDIA DIGITAL S UTIB0000553","","-","760.00","-1,69,65,729.86","9008-NEFT/ RTGS CELL","4","1"
"105","21/05/2026","RTGS CNRBR52026052186461173 MANAVA CONSTRUCTIONS CNRB0015387","","-","2,50,000.00","-1,67,15,729.86","9008-NEFT/ RTGS CELL","4","1"
"106","21/05/2026","NEFT UTIBN62026052183848565 GOOGLE INDIA DIGITAL S UTIB0000553","","-","4,700.00","-1,67,11,029.86","9008-NEFT/ RTGS CELL","4","1"
"107","21/05/2026","NEFT UTIBN62026052184860264 GOOGLE INDIA DIGITAL S UTIB0000553","","-","400.00","-1,67,10,629.86","9008-NEFT/ RTGS CELL","4","1"
"108","22/05/2026","NEFT UTIBN62026052296731123 GOOGLE INDIA DIGITAL S UTIB0000553","","-","2,200.00","-1,67,08,429.86","9008-NEFT/ RTGS CELL","4","1"
"109","23/05/2026","IMPS/48/614312008697/**2457 /KAPOOR LUXURY HOMES/SH","614312008697","-","1,00,000.00","-1,66,08,429.86","IMPS","4","1"
"110","23/05/2026","NEFT UTIBN62026052309155190 GOOGLE INDIA DIGITAL S UTIB0000553","","-","100.00","-1,66,08,329.86","9008-NEFT/ RTGS CELL","4","1"
"111","23/05/2026","NEFT UTIBN62026052309334005 GOOGLE INDIA DIGITAL S UTIB0000553","","-","2,850.00","-1,66,05,479.86","9008-NEFT/ RTGS CELL","4","1"
"112","24/05/2026","NEFT UTIBN62026052418908226 GOOGLE INDIA DIGITAL S UTIB0000553","","-","430.00","-1,66,05,049.86","9008-NEFT/ RTGS CELL","4","1"
"113","24/05/2026","NEFT UTIBN62026052418917661 GOOGLE INDIA DIGITAL S UTIB0000553","","-","2,625.00","-1,66,02,424.86","9008-NEFT/ RTGS CELL","4","1"
"114","24/05/2026","NEFT UTIBN62026052419895606 GOOGLE INDIA DIGITAL S UTIB0000553","","-","20.00","-1,66,02,404.86","9008-NEFT/ RTGS CELL","4","1"
"115","24/05/2026","RTGS MAHBR52026052424005051 Goa ispat private limi PUNB0016410","","3,00,000.00","-","-1,69,02,404.86","Mobile Banking","4","1"
"116","24/05/2026","RTGS CHARGES","","5.00","-","-1,69,02,409.86","Mobile Banking","4","1"
"117","24/05/2026","GST","","0.90","-","-1,69,02,410.76","Mobile Banking","4","1"
"118","25/05/2026","NEFT UTIBN62026052528653497 GOOGLE INDIA DIGITAL S UTIB0000553","","-","100.00","-1,69,02,310.76","9008-NEFT/ RTGS CELL","4","1"
"119","25/05/2026","NEFT UTIBN62026052528733600 GOOGLE INDIA DIGITAL S UTIB0000553","","-","150.00","-1,69,02,160.76","9008-NEFT/ RTGS CELL","4","1"
"120","25/05/2026","NEFT UTIBN62026052528965319 GOOGLE INDIA DIGITAL S UTIB0000553","","-","2,450.00","-1,68,99,710.76","9008-NEFT/ RTGS CELL","4","1"
"121","25/05/2026","NEFT UTIBN62026052529218694 GOOGLE INDIA DIGITAL S UTIB0000553","","-","700.00","-1,68,99,010.76","9008-NEFT/ RTGS CELL","4","1"
"122","25/05/2026","NEFT UTIBN62026052529320197 GOOGLE INDIA DIGITAL S UTIB0000553","","-","1,100.00","-1,68,97,910.76","9008-NEFT/ RTGS CELL","4","1"
"123","25/05/2026","NEFT UTIBN62026052529926657 GOOGLE INDIA DIGITAL S UTIB0000553","","-","3,000.00","-1,68,94,910.76","9008-NEFT/ RTGS CELL","4","1"
"124","25/05/2026","NEFT UTIBN62026052529933898 GOOGLE INDIA DIGITAL S UTIB0000553","","-","27,000.00","-1,68,67,910.76","9008-NEFT/ RTGS CELL","4","1"
"125","25/05/2026","NEFT UTIBN62026052529947676 GOOGLE INDIA DIGITAL S UTIB0000553","","-","10,000.00","-1,68,57,910.76","9008-NEFT/ RTGS CELL","4","1"
"126","25/05/2026","RTGS DNSBR62026052525046400 PALAV PETROEUM DNSB0000077","","-","2,00,000.00","-1,66,57,910.76","9008-NEFT/ RTGS CELL","4","1"
"127","25/05/2026","RTGS MAHBR52026052524010867 SHREE LAXMI MANUFACTUR ICIC0004853","","3,00,000.00","-","-1,69,57,910.76","Mobile Banking","4","1"
"128","25/05/2026","RTGS CHARGES","","5.00","-","-1,69,57,915.76","Mobile Banking","4","1"
"129","25/05/2026","GST","","0.90","-","-1,69,57,916.66","Mobile Banking","4","1"
"130","25/05/2026","TO 60081278974 TRANSFER TO 60081278974 TO KAMLESH TRADERS","","40,000.00","-","-1,69,97,916.66","Mobile Banking","5","1"
"131","25/05/2026","NEFT UTIBN62026052530074219 GOOGLE INDIA DIGITAL S UTIB0000553","","-","200.00","-1,69,97,716.66","9008-NEFT/ RTGS CELL","5","1"
"132","25/05/2026","NEFT UTIBN62026052531525203 GOOGLE INDIA DIGITAL S UTIB0000553","","-","250.00","-1,69,97,466.66","9008-NEFT/ RTGS CELL","5","1"
"133","26/05/2026","NEFT UTIBN62026052640901185 GOOGLE INDIA DIGITAL S UTIB0000553","","-","400.00","-1,69,97,066.66","9008-NEFT/ RTGS CELL","5","1"
"134","26/05/2026","NEFT SIDCN52026052600018522 MR TARA RAM SIDC0001046","","-","50,000.00","-1,69,47,066.66","9008-NEFT/ RTGS CELL","5","1"
"135","26/05/2026","NEFT UTIBN62026052640953607 GOOGLE INDIA DIGITAL S UTIB0000553","","-","420.00","-1,69,46,646.66","9008-NEFT/ RTGS CELL","5","1"
"136","26/05/2026","IMPS/48/614613928716/**/Pushplila wires/Payment","614613928716","50,000.00","-","-1,69,96,646.66","IMPS","5","1"
"137","26/05/2026","IMPS CHG","","5.00","-","-1,69,96,651.66","IMPS","5","1"
"138","26/05/2026","GST","","0.90","-","-1,69,96,652.56","IMPS","5","1"
"139","26/05/2026","NEFT UTIBN62026052642827693 GOOGLE INDIA DIGITAL S UTIB0000553","","-","700.00","-1,69,95,952.56","9008-NEFT/ RTGS CELL","5","1"
"140","26/05/2026","NEFT UTIBN62026052643182912 GOOGLE INDIA DIGITAL S UTIB0000553","","-","700.00","-1,69,95,252.56","9008-NEFT/ RTGS CELL","5","1"
"141","26/05/2026","NEFT UTIBN62026052643354101 GOOGLE INDIA DIGITAL S UTIB0000553","","-","800.00","-1,69,94,452.56","9008-NEFT/ RTGS CELL","5","1"
"142","27/05/2026","NEFT UTIBN62026052754209788 GOOGLE INDIA DIGITAL S UTIB0000553","","-","350.00","-1,69,94,102.56","9008-NEFT/ RTGS CELL","5","1"
"143","27/05/2026","NEFT UTIBN62026052755861574 GOOGLE INDIA DIGITAL S UTIB0000553","","-","470.00","-1,69,93,632.56","9008-NEFT/ RTGS CELL","5","1"
"144","28/05/2026","NEFT UTIBN62026052864943669 GOOGLE INDIA DIGITAL S UTIB0000553","","-","400.00","-1,69,93,232.56","9008-NEFT/ RTGS CELL","5","1"
"145","28/05/2026","NEFT UTIBN62026052865742526 GOOGLE INDIA DIGITAL S UTIB0000553","","-","1,300.00","-1,69,91,932.56","9008-NEFT/ RTGS CELL","5","1"
"146","28/05/2026","IMPS/48/614819063421/**/Pushplila wires/Payment","614819063421","6,100.00","-","-1,69,98,032.56","IMPS","5","1"
"147","28/05/2026","IMPS CHG","","5.00","-","-1,69,98,037.56","IMPS","5","1"
"148","28/05/2026","GST","","0.90","-","-1,69,98,038.46","IMPS","5","1"
"149","29/05/2026","NEFT UTIBN62026052975958541 GOOGLE INDIA DIGITAL S UTIB0000553","","-","150.00","-1,69,97,888.46","9008-NEFT/ RTGS CELL","5","1"
"150","29/05/2026","NEFT UBINN52026052946262005 EMPIRE REALINFRA UBIN0537748","","-","20,00,000.00","-1,49,97,888.46","9008-NEFT/ RTGS CELL","5","1"
"151","29/05/2026","RTGS MAHBR52026052924060789 YOGI CORPORATION YESB0000043","","10,00,000.00","-","-1,59,97,888.46","Internet Banking","5","1"
"152","29/05/2026","RTGS CHARGES","","10.00","-","-1,59,97,898.46","Internet Banking","5","1"
"153","29/05/2026","GST","","1.80","-","-1,59,97,900.26","Internet Banking","5","1"
"154","29/05/2026","RTGS MAHBR52026052924060842 Goa ispat private limi PUNB0016410","","5,00,000.00","-","-1,64,97,900.26","Mobile Banking","5","1"
"155","29/05/2026","RTGS CHARGES","","5.00","-","-1,64,97,905.26","Mobile Banking","5","1"
"156","29/05/2026","GST","","0.90","-","-1,64,97,906.16","Mobile Banking","5","1"
"157","29/05/2026","NEFT MAHBN72026052953878166 YOGI CORPORATION YESB0000043","","1,62,947.00","-","-1,66,60,853.16","Mobile Banking","5","1"
"158","30/05/2026","IMPS/48/615015170114/**/Yuvraj Agency/Payment","615015170114","1,00,000.00","-","-1,67,60,853.16","IMPS","5","1"
"159","30/05/2026","IMPS CHG","","5.00","-","-1,67,60,858.16","IMPS","5","1"
"160","30/05/2026","GST","","0.90","-","-1,67,60,859.06","IMPS","5","1"
"161","30/05/2026","IMPS/48/615017176122/**/PURA RAM MALI/Payment","615017176122","20,000.00","-","-1,67,80,859.06","IMPS","5","1"
"162","30/05/2026","IMPS CHG","","5.00","-","-1,67,80,864.06","IMPS","5","1"
"163","30/05/2026","GST","","0.90","-","-1,67,80,864.96","IMPS","5","1"
"164","31/05/2026","NEFT UTIBN62026053199196489 GOOGLE INDIA DIGITAL S UTIB0000553","","-","80.00","-1,67,80,784.96","9008-NEFT/ RTGS CELL","5","1"
"165","31/05/2026","NEFT UTIBN62026053199419158 GOOGLE INDIA DIGITAL S UTIB0000553","","-","200.00","-1,67,80,584.96","9008-NEFT/ RTGS CELL","5","1"
"166","31/05/2026","NEFT UTIBN62026053100608859 GOOGLE INDIA DIGITAL S UTIB0000553","","-","380.00","-1,67,80,204.96","9008-NEFT/ RTGS CELL","5","1"
"167","31/05/2026","DEBIT INTEREST","","1,93,188.00","-","-1,69,73,392.96","9999-CENTRAL OFF","5","1"
"168","01/06/2026","NEFT UTIBN62026060109787422 GOOGLE INDIA DIGITAL S UTIB0000553","","-","390.00","-1,69,73,002.96","9008-NEFT/ RTGS CELL","5","1"
"169","01/06/2026","NEFT UTIBN62026060110149715 GOOGLE INDIA DIGITAL S UTIB0000553","","-","350.00","-1,69,72,652.96","9008-NEFT/ RTGS CELL","6","1"
"170","01/06/2026","NEFT UTIBN62026060110178619 GOOGLE INDIA DIGITAL S UTIB0000553","","-","266.00","-1,69,72,386.96","9008-NEFT/ RTGS CELL","6","1"
"171","01/06/2026","NEFT UTIBN62026060110784721 GOOGLE INDIA DIGITAL S UTIB0000553","","-","1,150.00","-1,69,71,236.96","9008-NEFT/ RTGS CELL","6","1"
"172","01/06/2026","NEFT UTIBN62026060111693389 GOOGLE INDIA DIGITAL S UTIB0000553","","-","350.00","-1,69,70,886.96","9008-NEFT/ RTGS CELL","6","1"
"173","01/06/2026","NEFT UTIBN62026060111938118 GOOGLE INDIA DIGITAL S UTIB0000553","","-","350.00","-1,69,70,536.96","9008-NEFT/ RTGS CELL","6","1"
"174","01/06/2026","NEFT UTIBN62026060113765568 GOOGLE INDIA DIGITAL S UTIB0000553","","-","900.00","-1,69,69,636.96","9008-NEFT/ RTGS CELL","6","1"
"175","02/06/2026","IMPS/48/615306838075/**2457 /KAPOOR LUXURY HOMES/SH","615306838075","-","1,00,000.00","-1,68,69,636.96","IMPS","6","1"
"176","02/06/2026","NEFT UTIBN62026060222182406 GOOGLE INDIA DIGITAL S UTIB0000553","","-","3,200.00","-1,68,66,436.96","9008-NEFT/ RTGS CELL","6","1"
"177","02/06/2026","NEFT UTIBN62026060222251230 GOOGLE INDIA DIGITAL S UTIB0000553","","-","1,350.00","-1,68,65,086.96","9008-NEFT/ RTGS CELL","6","1"
"178","02/06/2026","NEFT UTIBN62026060222803335 GOOGLE INDIA DIGITAL S UTIB0000553","","-","600.00","-1,68,64,486.96","9008-NEFT/ RTGS CELL","6","1"
"179","02/06/2026","NEFT UTIBN62026060222826744 GOOGLE INDIA DIGITAL S UTIB0000553","","-","100.00","-1,68,64,386.96","9008-NEFT/ RTGS CELL","6","1"
"180","03/06/2026","IMPS/48/615415400863/**/Pushplila wires/Payment","615415400863","43,000.00","-","-1,69,07,386.96","IMPS","6","1"
"181","03/06/2026","IMPS CHG","","5.00","-","-1,69,07,391.96","IMPS","6","1"
"182","03/06/2026","GST","","0.90","-","-1,69,07,392.86","IMPS","6","1"
"183","03/06/2026","IMPS/48/615419071348/**2457 /KAPOOR LUXURY HOMES/SH","615419071348","-","50,000.00","-1,68,57,392.86","IMPS","6","1"
"184","03/06/2026","CHQ DT 03/06/2026 BCB- 416002857","119211","-","50,000.00","-1,68,07,392.86","1001-MUMBAI SERVICE BRANCH","6","1"
"185","04/06/2026","RTGS DNSBR62026060413924300 PALAV PETROEUM DNSB0000077","","-","2,00,000.00","-1,66,07,392.86","9008-NEFT/ RTGS CELL","6","1"
"186","04/06/2026","RTGS MAHBR52026060424113118 Aaradhya sheet private PUNB0945900","","2,60,459.00","-","-1,68,67,851.86","Mobile Banking","6","1"
"187","04/06/2026","RTGS CHARGES","","5.00","-","-1,68,67,856.86","Mobile Banking","6","1"
"188","04/06/2026","GST","","0.90","-","-1,68,67,857.76","Mobile Banking","6","1"
"189","04/06/2026","IMPS/48/615516457493/**/Yuvraj Agency/Payment","615516457493","50,000.00","-","-1,69,17,857.76","IMPS","6","1"
"190","04/06/2026","IMPS CHG","","5.00","-","-1,69,17,862.76","IMPS","6","1"
"191","04/06/2026","GST","","0.90","-","-1,69,17,863.66","IMPS","6","1"
"192","05/06/2026","RTGS DNSBR62026060515798800 PALAV PETROEUM DNSB0000077","","-","4,00,000.00","-1,65,17,863.66","9008-NEFT/ RTGS CELL","6","1"
"193","05/06/2026","NEFT UTIBN62026060561069834 GOOGLE INDIA DIGITAL S UTIB0000553","","-","4,000.00","-1,65,13,863.66","9008-NEFT/ RTGS CELL","6","1"
"194","05/06/2026","NEFT UTIBN62026060561078082 GOOGLE INDIA DIGITAL S UTIB0000553","","-","20,000.00","-1,64,93,863.66","9008-NEFT/ RTGS CELL","6","1"
"195","05/06/2026","NEFT UTIBN62026060561148258 GOOGLE INDIA DIGITAL S UTIB0000553","","-","800.00","-1,64,93,063.66","9008-NEFT/ RTGS CELL","6","1"
"196","05/06/2026","RTGS MAHBR52026060524132795 Radhe Krishna steels PUNB0035710","","5,00,000.00","-","-1,69,93,063.66","Mobile Banking","6","1"
"197","05/06/2026","RTGS CHARGES","","5.00","-","-1,69,93,068.66","Mobile Banking","6","1"
"198","05/06/2026","GST","","0.90","-","-1,69,93,069.56","Mobile Banking","6","1"
"199","06/06/2026","NEFT UTIBN62026060671252102 GOOGLE INDIA DIGITAL S UTIB0000553","","-","350.00","-1,69,92,719.56","9008-NEFT/ RTGS CELL","6","1"
"200","06/06/2026","NEFT UTIBN62026060671874047 GOOGLE INDIA DIGITAL S UTIB0000553","","-","2,000.00","-1,69,90,719.56","9008-NEFT/ RTGS CELL","6","1"
"201","06/06/2026","NEFT UTIBN62026060671874751 GOOGLE INDIA DIGITAL S UTIB0000553","","-","1,000.00","-1,69,89,719.56","9008-NEFT/ RTGS CELL","6","1"
"202","06/06/2026","NEFT UTIBN62026060674046078 GOOGLE INDIA DIGITAL S UTIB0000553","","-","120.00","-1,69,89,599.56","9008-NEFT/ RTGS CELL","6","1"
"203","07/06/2026","NEFT UTIBN62026060784195698 GOOGLE INDIA DIGITAL S UTIB0000553","","-","180.00","-1,69,89,419.56","9008-NEFT/ RTGS CELL","6","1"
"204","07/06/2026","NEFT UTIBN62026060784361559 GOOGLE INDIA DIGITAL S UTIB0000553","","-","320.00","-1,69,89,099.56","9008-NEFT/ RTGS CELL","6","1"
"205","07/06/2026","NEFT UTIBN62026060784397941 GOOGLE INDIA DIGITAL S UTIB0000553","","-","700.00","-1,69,88,399.56","9008-NEFT/ RTGS CELL","6","1"
"206","07/06/2026","NEFT UTIBN62026060784520517 GOOGLE INDIA DIGITAL S UTIB0000553","","-","380.00","-1,69,88,019.56","9008-NEFT/ RTGS CELL","7","1"
"207","07/06/2026","NEFT UTIBN62026060784585593 GOOGLE INDIA DIGITAL S UTIB0000553","","-","2,500.00","-1,69,85,519.56","9008-NEFT/ RTGS CELL","7","1"